Returns,StochK,WillR,RSI,Target
-0.03541143409297691,-0.016498536789779236,0.17688231349398403,0.0017469004660714432,0
-1.4565566700183927,-0.016498536789779236,0.17688231349398403,0.0017469004660714432,1
0.6503852621819167,-0.016498536789779236,0.17688231349398403,0.0017469004660714432,1
0.0784130705638787,-0.016498536789779236,0.17688231349398403,0.0017469004660714432,0
-1.181554383905777,-0.016498536789779236,0.17688231349398403,0.0017469004660714432,1
0.8819499302687308,-0.016498536789779236,0.17688231349398403,0.0017469004660714432,1
0.10337483778356969,-0.016498536789779236,0.17688231349398403,0.0017469004660714432,0
-0.6698984832308793,-0.016498536789779236,0.17688231349398403,0.0017469004660714432,1
1.4392597752621992,-0.4388086619656358,0.17688231349398403,0.0017469004660714432,0
-0.23137364812177286,-0.540827350656827,0.17688231349398403,0.0017469004660714432,0
-5.433865074595363,-0.2600801773412071,0.17688231349398403,0.0017469004660714432,0
-2.0763406035428233,0.07068046858202463,0.17688231349398403,0.0017469004660714432,1
1.0667924645643514,0.5042169661799669,0.17688231349398403,0.0017469004660714432,0
-0.3181124715067895,0.6035306413297246,-0.2617800064283945,0.0017469004660714432,1
0.6343667877925673,0.4056063288132757,-0.15350220154657318,-2.2621836228627736,1
0.24341164367837975,0.0672882685073693,-0.1035259104872621,-2.1391441076817292,0
-0.3827333994607377,-0.30462516150011704,-0.14933736333882366,-2.19947583407907,1
0.8844168276878166,-0.4763028769322282,-0.06984068947345233,-1.8153645581965057,1
0.9893909204573723,-0.5798520936681246,0.11697402733521196,-1.409330775796031,0
-0.15047361591143094,-0.6497748309591987,0.10521935891958707,-1.4277593191504612,1
0.3541286676805433,-0.6037744370079601,0.18281516415105475,-1.2521930288683978,1
0.2190142844413566,-0.587557029025066,0.2368966336066127,-1.1278009133568745,0
-0.2152905722344911,-1.2089583019181431,0.21283129982361124,-1.1739145968149314,1
0.007851597990763893,-2.015857096835016,-0.03902407278011187,-1.1315032058511703,0
-0.35971732388723004,-2.873616114757776,-0.1283593728131793,-1.2398646144159269,1
-0.044593402675271385,-3.71693156998065,-0.11559460454142596,-1.219151337448154,0
-0.8747015548292263,-3.7218295492268534,-0.8744429511536271,-1.5413835850879225,0
-0.3780334315938694,-3.4317484433372996,-2.2288918988427904,-1.6549425112750682,1
-0.017014408505613206,-2.4543762793746997,-2.1936713569626423,-1.6136789381647918,0
-1.0899669277875623,-1.8070475041180756,-2.6528570143302805,-2.0040833202193826,0
-0.5345518580297548,-1.5239441048496332,-2.6119665225810853,-2.161387376395958,0
-0.1529251540549293,-1.5167633032694356,-2.268595360250648,-2.185626293890542,0
-1.4062498776526855,-1.3925141129494698,-1.4046475918831107,-2.6139645248780203,1
0.423239146039057,-1.0103732727608732,-1.012946617228663,-2.266998174196445,1
0.16731663511222455,-0.4787859231725373,-0.9401146875993173,-2.095008595789231,1
0.11060652718564014,-0.5216185219906786,-0.9114153949047865,-1.958120689707671,1
1.0249781136789804,-0.416848677848772,-0.5814422259975884,-1.2359678665861644,1
0.43278264947763617,-0.15898203881923292,-0.4329461153164952,-0.9310357498391075,0
-1.9987156003247815,-0.2890313241499793,-1.0279802410230356,-1.7650330170400765,0
-0.43277110284461495,-0.5919871963729735,-1.3216834829761093,-1.8882966315102487,0
-0.42083577043708204,-0.9679704101544658,-1.8805383011434809,-2.0069370187416564,0
-0.098270367109416,-0.8685419551101881,-1.8862169213724218,-2.0120674080203838,0
-0.4229146229590429,-0.6883591470005394,-1.687207388873609,-2.13926851685201,0
-0.6946548533720237,-0.981496937140033,-1.7539209672859424,-2.3586111647829506,1
1.7238599496961142,-0.911285856167795,-1.0961109566738458,-1.2217017719648549,0
-0.11200857335194753,-0.9710206857021323,-1.1065615129070872,-1.2342031034296475,0
-0.23727457426261117,-0.5866984684702716,-1.1639851769486222,-1.3066286125165323,1
-0.0003888862700719401,-0.552743091750834,-1.1326534946878672,-1.252072385913009,1
0.2503383952746272,-0.5359511709881031,-1.0073600511557483,-1.029564962641467,1
-0.028724551517861838,-1.2386319303253361,-0.9864766960058898,-0.991634602989494,0
-0.23643119581008007,-1.9893794259082191,-1.0439003600474288,-1.086533161907348,1
0.7625771906202587,-2.4460672813939235,-0.7483450216173794,-0.5005911421669815,0
-0.22096332418242398,-2.380762425392845,-1.0753729075517944,-0.5971001010200586,0
-0.8246626077736421,-2.129084746502382,-1.4199455339813316,-1.0891212653375648,1
1.7077660712812661,-1.5854142473877468,-0.32702071402988975,-0.02083230129975677,0
-0.4479206469525475,-0.8690434701107239,-0.45919482548127766,-0.26146965995495647,1
7.006985587685498,0.3433483236181044,1.1474288043409315,1.784691437125613,1
0.1090836372402666,0.9511965108504518,1.1693066262489724,1.8186140971349758,1
1.2760388943204215,1.621938046055016,1.1850008419940663,2.045220916995655,0
-0.6956991149161185,1.584791430044809,1.0694735228893448,1.6748843283905155,1
-0.06038331477760341,1.2853032129538566,1.056465946487819,1.6795918911233039,0
-0.583169111463923,0.518534527921064,0.9816305377352976,1.3655626255073021,0
-0.8511750243494688,-0.3249934205337384,0.8675959896364263,0.9074646959343255,0
-1.6873986985016916,-0.6152432977521326,0.6324003967565216,0.08607186526046469,1
0.4405250505340256,-0.5174849934385903,0.7072365642972034,0.2533049614263533,1
1.2157203647003085,-0.15745506110073104,0.8943228127935642,0.6387298197646974,0
-0.5442530066967581,-0.297201485278273,0.826613900723202,0.4063998347151604,0
-0.10854499548833142,-0.43576259052923305,0.7301906883322196,0.39378768699902633,1
0.2577113735564215,-0.6146591604484613,0.6083689995110342,0.508291581483054,1
0.23049075818017778,-0.6804896601254783,-0.5901308685130736,0.6152956766636496,0
-0.27858073613999995,-0.7142745372250303,-0.9545326345570792,0.4944629042843892,0
-0.7181353986774811,-0.9247403341895393,-1.1765435596328861,0.10800392337878961,0
-0.46628918112625883,-0.9682777573960626,-1.308893971282682,-0.11393085812835124,1
1.1815761722590554,-0.9469763077079015,-1.2046906213076556,0.4011468647242444,0
-0.9948988605717859,-1.0651854151701283,-1.6063761066914104,-0.11923405991980136,1
0.372331850918906,-1.1822000768183623,-1.883173861019003,0.06868529459065999,0
-0.463634645947833,-1.4023814986465681,-2.0857359081958142,-0.14623788296154813,0
-0.17040220730407907,-1.8495618506637463,-2.4139444394987124,-0.19590829215964328,0
-1.4662530374769396,-1.7893272808239622,-2.1910182314839943,-0.9222665697808092,1
1.0283767678557614,-1.518530367866088,-1.6919634880669399,-0.3987853862289157,0
-0.2950267862737999,-0.8250537565878158,-1.7883752486013458,-0.5058833067772309,0
-0.6692561405142671,-0.7968398997019436,-2.05491173625146,-0.7985840979977105,0
-0.7004096736531535,-0.9388881988322505,-1.7023370016960933,-1.087151764847605,1
0.36077259590717403,-0.9803966330315745,-1.6428132202168841,-0.8502258366303687,1
0.09244994394370687,-0.9189835264596095,-1.5663059843725478,-0.7549330679949465,1
0.8590676467398368,-0.7338165942932748,-1.1564448074445333,-0.2717575468782033,0
-0.6905065475548207,-0.7059057139008281,-1.4242224390815021,-0.6104197847453475,0
-0.4843290884126188,-0.9774312462556678,-1.5990941390959021,-0.822372871403557,0
-0.42416838464566753,-1.466372152960345,-1.7466477660023148,-0.9989240058942854,1
-0.07149783213828381,-2.0170638048607326,-1.7665902176340222,-0.9911505598060008,0
-0.5780752741456802,-1.9787346568709372,-1.982070755165209,-1.2575659948791194,0
-1.2210276263441024,-1.7342867560709871,-2.23441770217614,-1.79013717133149,1
0.020089562401896497,-1.1748335820913562,-1.7804688547999017,-1.717680998938316,0
-0.14918991301428922,-0.9186274551901621,-1.7507025126214586,-1.747758990500711,0
-0.2924838250355977,-0.7582623579234877,-1.8946188198471714,-1.8476167800362973,1
1.614722747025945,-0.7630276781121623,-1.189312234093168,-0.7008721999572002,1
1.3376983862246075,-0.3557389715709288,-0.5816690597035034,0.019060959772850987,0
-0.1337126164549772,0.06568248135827197,-0.6033684765120592,-0.012421515676381676,1
0.7343105924625034,0.6061956311017904,-0.11561458607454543,0.36408835391697303,0
-2.211817539498071,0.26670263556679313,-0.9080173667318778,-0.8394327005788185,1
0.8679791499845099,-0.07235925435343397,-0.5664647798177682,-0.4097846301256485,1
0.6527200294652019,-0.4133502792113324,-0.279915570904015,-0.10211911205563387,0
-0.3061303486578456,-0.3259439285695864,-0.36018324816729264,-0.21993650634351108,1
0.05202153379941537,-0.22575670334935583,-0.3111295238558452,-0.15869199278977333,1
0.817437482355062,-0.09230166945395596,0.06054692491174532,0.23135973287799047,1
-0.03549588809186792,-0.023356633776121627,0.15443912152544947,0.2520684927923135,0
-1.2506435546481842,-0.2897598111510815,-0.1749511276191777,-0.44695293213650705,1
0.06465765277147285,-0.6439061675677098,-0.13377734552600165,-0.3737314520193972,1
0.6456203249074007,-0.8116275183795197,-0.5051607840689427,-0.023578796295109786,0
-1.207929378174657,-0.6429584932269108,-1.1486387326644543,-0.65515652526526,1
0.3144863033646216,-0.6790251594383327,-0.9988185729551162,-0.4576130794053618,1
0.2498745084305638,-0.8833360583383858,-0.8724156041924309,-0.2923420339460652,0
-1.3620940450716992,-1.1419931478749763,-1.3588039506099971,-0.965409209680453,0
-3.3635692348416315,-0.7593906013397644,-0.662339852858687,-2.1177245121383885,0
-1.950004320611452,-0.027552129799259778,0.20941607576788093,-2.540238539242921,0
-1.7625262291744965,0.6839969481037758,-0.0012189206168964906,-2.845025160606452,1
3.1158311972555306,1.0026434708951157,0.388719935679471,-1.613418086861965,1
1.5266637915091734,1.108815920525484,0.5958731249243017,-1.0913138396767226,1
-0.044631198209682026,1.2772835059011505,0.601097661103165,-1.0785026201413392,0
-2.8610231688069967,1.087764148449217,0.20768383681261968,-1.7580879092142352,1
2.044810975091085,0.8731916002153792,0.49473492599452606,-1.1160635937531551,1
0.10250193139696531,0.5319212926238809,0.5219901123363033,-1.0609212995171278,0
-1.2669915758826467,0.3252864899170015,0.337440083372614,-1.3543595627923544,1
1.6525506949118507,0.241057604076609,0.5998115990558079,-0.8401368509405555,0
-1.1642873336518933,0.1530389223671381,0.4317297659047848,-1.1192359401845011,1
0.2111400850192318,0.10755000832565795,0.4688601251328138,-1.0291080636420482,0
-0.41802158378270765,-0.13686980479456115,0.38717210811049985,-1.1199115475637045,1
1.1785083502610183,-0.3639240014229947,0.6506379913640524,-0.7176255463209678,1
0.3365043318731842,-0.4435668629377299,0.508025073255483,-0.5857553212752974,0
-0.1494153882338658,-0.33915291438012196,0.20480245161490593,-0.6080513901791172,0
-1.0901719935228829,-0.29282708685560516,-0.5071567006153768,-0.9491182344596488,1
0.7535221261961726,-0.31161640139880303,-0.22182171248690935,-0.6540967415432792,0
-0.3594012217538262,-0.6501336868472194,-0.3169359135777563,-0.7523148519127876,0
-0.12365839506513372,-0.8293687014337952,-0.5108398883482348,-0.7670534360059127,1
-0.031444257964191834,-1.3013517702597917,-0.8020922966394403,-0.7451857944910939,1
-0.044662324853462575,-1.4021576651001622,-0.7858866514193289,-0.7276735335319727,0
-0.9393922250916888,-1.5949957755381687,-1.9593143595637945,-1.0933848418513534,1
0.11617927083331206,-1.3380459427264302,-1.8584594786663446,-0.9949914987345008,1
1.0071703095149949,-1.1093114254677032,-1.307148452697712,-0.48587548813861975,1
0.3730189017169144,-0.704002559294531,-1.24138765984452,-0.285595731799826,1
1.160013625506812,-0.14417200148659115,-0.51863229765066,0.2123762277721834,1
1.2606418390369993,0.42721164810759354,0.27046283035848295,0.6701177711270109,1
0.06461384103684656,0.8601817992999349,0.3348943902084797,0.7183162126014843,1
-0.022321535900126494,0.978011111701171,0.3614688774916259,0.7394849380246147,1
0.7188264223178543,0.9604434654280742,0.5890785687531223,1.0089857126709503,0
-0.7664814932329733,0.4439816040082857,0.39955854704854493,0.5518371469134914,1
0.680291216254234,-0.08886063873291333,0.6091719136078454,0.821182898466764,1
0.04970150173713746,-0.5299003310278623,0.6403131663891762,0.8678256142777308,0
-0.594070694552019,-0.8041318648833308,0.5099565438433449,0.5105082515772638,1
0.9324914826806667,-0.604628955086642,0.7312587420396267,0.8867997587600029,1
5.741777299808679,-0.018905831525702244,1.317086765916597,2.1295393641174516,1
1.424882078527795,1.016700201692834,1.4431637047661408,2.3299073154319636,0
-0.680946142361031,1.5670162632733728,1.3526070547330753,1.97645093817049,1
0.22811813958399368,1.6087314498809246,1.380367915218486,2.0257061906433176,0
-0.7481832427091846,0.8185136095954446,1.0984326490824103,1.624386134264164,1
1.0209788278179956,0.19918451609640317,1.2223130444707715,1.8286567103488374,1
0.489943466565489,-0.43051373082137895,1.2923061147667494,1.929668255174939,0
-0.8841996709540096,-0.4095873128749319,1.096126278952491,1.4395538226950781,0
-0.7780134200511813,-0.8676119407589985,0.9712888174072762,1.043658241854657,0
-0.28943941516045446,-1.3426320331631776,0.8828894508437702,0.9285210202185228,1
0.40377647829532026,-1.4008724488022308,0.9481518251010789,1.0616647690828445,0
-0.5604269596165183,-1.235384839735212,0.8518803225169084,0.7767565598372229,1
0.9745483725223896,-0.9658996396032924,1.0391122701114688,1.0805431757151605,1
0.1837888723988121,-0.9417959992529357,-1.0661125511970628,1.1547368177394486,0
-0.08415586060813139,-0.8035392342985671,-1.3980500012097006,1.1547368177394486,1
-0.02014099206810743,-0.7441412914635166,-1.9507628434453737,1.1747060842188577,0
-0.4251820387175679,-1.1305087238591485,-2.1795648820018005,0.9184193951661431,1
0.3660996997890035,-1.2405139913311083,-1.879260337178666,1.078379751160571,1
0.8412983794352522,-1.2696389009375395,-1.066100122572865,1.3803909135743015,0
-0.09463690072414555,-0.686869439589911,-0.6888113780279822,1.371656741165528,0
-1.1417811629645571,-0.6258415987814132,-1.1833968369471066,0.5422287350454372,1
1.739853378178629,-0.3809343448539114,-0.2734795479403222,1.1694886757096523,0
-0.18755647700635214,-0.3651352122988799,-0.3185350704257847,1.0951363524919073,0
-0.9439579150257913,-0.2291118385824274,-0.6925129777250715,0.49961679803209014,1
0.22078381176015238,-0.325617557944806,-0.5618495301819246,0.6160642224262074,1
0.8154353155461563,-0.33695106655305074,-0.5078137299049316,0.9401452303541601,0
-2.1441654629274187,-0.5083615350914115,-1.529930160232781,-0.28353542978710367,1
0.6634944354856325,-0.6141420455684747,-1.5668159631238319,0.007332750901192308,1
0.46412868199461904,-0.7087826367104485,-1.2702197680512624,0.21259080324012902,1
0.4067653229421414,-0.4447663467026005,-1.2777677268430103,0.392735485316824,1
0.42335564497742945,-0.13093104364454788,-0.8459147143963509,0.5752411197466625,0
-1.6344897868941581,0.08409216498257874,-1.0348346689313854,-0.2806633063698922,1
0.17960155134185132,0.2512677882572669,-0.9225196562359643,-0.1736943929231411,0
-1.134367895184173,0.1569607626534247,-1.371768482236997,-0.6771598832507264,0
-1.9560190804085886,0.26343656472750854,-0.5672749749183,-1.3981552791300695,1
0.4464514979769916,0.2957263997057869,-0.42986584184297955,-1.1623816562437048,0
-1.3328808171940674,0.36044706616142297,-0.6691183521722703,-1.580630701393089,0
-0.8118602588119141,0.27329451825592344,-0.3911549289655899,-1.7977522324997657,0
-0.5717133592149403,0.2197346959484972,-0.37953055799027774,-1.937490085741355,1
0.17883581927189096,0.39473464541155606,-0.008142071965394255,-1.8047726306593574,1
1.6232870812956879,0.6430760332702747,0.2893088961261223,-1.018696903949501,0
-0.6369783520473873,0.8191826287444682,0.19015829816854843,-1.218363069143352,1
0.34004567593296026,0.8737286122895425,0.26551278608103374,-1.0280823343426626,0
-1.1369258362591121,0.7307924223079687,0.07712822111333913,-1.412552573987469,1
0.8639720964093522,0.12586734932874016,0.17332766839232905,-0.9887275943241188,1
3.2807483514902924,0.2145370241639569,0.906959785269246,0.16968295564259933,0
-0.48295558558326385,0.36363435888206624,0.8276126709968044,0.0017469004660714432,0
-1.8911580358104032,0.9162589058496344,0.3928516150097137,-0.6843670591578914,0
-1.0004636952137578,0.6254842741394221,0.17928044870701804,-0.979795585399015,0
-0.26148739467879106,0.35070526196349394,0.13860345802820806,-1.035751213015225,0
-2.1298773763163266,0.3348641426247139,-0.32921268896310263,-1.6246835083647637,0
-0.9486237306136154,0.4967708638312187,-0.15767034957665907,-1.8344779131912765,1
0.266887995670394,0.6638981937547986,-0.091451875769484,-1.695242125181256,1
1.9474425876820667,0.8241370523513354,0.294101675230778,-0.9554282367830491,1
1.160608302902796,1.0027111417631402,0.5386322248649206,-0.5528250524604585,0
-0.49402974643908587,1.1652985753411245,0.45638000201341133,-0.6897696630161403,1
0.8418567011003679,1.1471468283565978,0.6408918934325356,-0.3874781365605161,0
-1.5006826227816028,0.7847846837289011,0.3541221741186549,-0.8701536889379196,1
1.7056482596460478,0.6292012050891269,0.7075824624350815,-0.31416238382037404,0
-0.7392720311508801,0.4731687345095824,0.5742013244299878,-0.5372849989741223,0
-0.4375590304841042,0.5380228699376288,0.49498617230706854,-0.6565891426655664,0
-1.195316472094195,0.29384185292449677,0.18877502450168487,-1.0173840124268383,1
1.0714462651492267,0.14420661309417607,0.4837752970441794,-0.6265838697414106,1
1.0487866093320588,0.19424603862694229,0.8055026922400808,-0.269412728182239,1
0.3733903839026468,0.5175764670224406,0.8323231842417171,-0.12836211418938445,1
0.5427311704325635,0.8673623310954717,0.6552813586422099,0.06469773529511148,0
-0.19107875322310489,0.9805963592312489,0.4255383023299228,0.017913086664519164,1
0.17294164155108924,0.7368746009162428,0.47628376797975386,0.1044770136608095,0
-0.7987102483661329,-0.12096478361125537,0.26082924490285725,-0.23130240561321244,1
1.1792473614197148,-0.7012508516305036,0.6370659591481778,0.20552125095457469,1
0.2751406642922583,-0.773162736024963,0.7237073476120583,0.32396661225127843,1
0.3149275645712854,-0.21647271544993202,0.7253823388082921,0.45689517201197183,0
-0.9915733356111084,0.009034591389948178,0.46268973368671756,-0.02103906292446768,1
0.5092277076185124,-0.019805670272595065,0.6317749759199416,0.1946704234096755,0
-0.7763970960722241,-0.7058650744010213,0.43249558245046077,-0.1600342777921854,0
-0.12662575564570847,-1.271134308899142,0.18760595355634566,-0.18159577974026023,0
-0.2010163573978842,-2.2633747609075514,-0.6222822607746666,-0.24438806559141776,1
1.0335775565895566,-2.095360926282988,-1.092660187718625,0.22478286358298957,1
0.21870638537968584,-1.694797492786288,-0.7547903338097955,0.344623351275412,1
0.7573361565254011,-0.6229365045102181,-0.1030161165962405,0.6624563510407688,0
-0.9750110421647258,-0.2474492603994325,-0.5123614900890714,0.10982272713991975,1
0.11344535915007468,-0.5010380140585076,-0.4229633966728079,0.19158822142389006,0
-4.230013087320757,-0.32383219752044184,-0.31168733252122116,-1.5952106468133727,1
0.28429539119653047,0.005883857026636581,-0.22471553737814057,-1.4393591620294495,0
-0.827488068567475,0.6981058594235213,-0.4012950638867627,-1.662233696333796,0
-0.6461130839547358,0.6562254378404351,-0.43255007479706603,-1.8234099794969192,0
-1.2644973354020812,0.3628805164899466,-0.28497983662193843,-2.1369751949010443,0
-0.11891904772120224,0.15671153321313822,-0.2184829039650425,-2.1458070708849912,0
-0.18848899549921605,-0.041908018147395774,-0.23754989731034418,-2.1739987743982097,1
0.02036589805700722,-0.1680000819427723,-0.2184829039650425,-2.1153510070525483,1
-0.003002536807419967,-0.6281334022112606,-0.203652046189394,-2.0670851230812675,1
0.4367977376337077,-1.231471991360442,-0.10831357329721712,-1.7529897664959495,0
-0.45129098308690546,-1.746895464619476,-0.17610752130672133,-1.8888229925170184,1
1.0127687412424797,-1.4230138319506023,0.01840145707734616,-1.2502563560269024,1
-0.05016518757798519,-0.8482820075573868,0.0037504815659114687,-1.2309991903676052,1
0.4367877179837266,-0.12106744071584173,-0.45608639327597245,-0.9324976212850975,0
-0.4709492942230262,-0.15301201137260928,-0.6594408275135406,-1.1261734211744876,0
-0.6417012564789643,-0.28042771069193684,-0.9117275984919474,-1.3931197197996343,1
0.26051813644520977,-0.43608319770204673,-1.0468924318769728,-1.1765689302549054,0
-0.757985673302089,-0.4856457232842256,-1.41733681352159,-1.5017689193918509,1
1.7185612771082557,-0.2807916189947086,-0.4378267918696095,-0.5011072744962131,1
0.2520239098374297,-0.031279385598086774,-0.30280399953757436,-0.3383027818424866,1
0.3949360658521601,0.3837727094515404,0.03225383055780913,-0.10923687420466871,1
0.6672585213136693,0.6740917178448339,0.323205646584388,0.22897307171928397,0
-0.24779858123030496,0.7689868048102647,0.2538291273868172,0.12154058753391668,0
-0.48888803894920757,0.3854296710459921,-0.025144865934381224,-0.1444325672937498,0
-0.46972699434968557,-0.5610449253575395,-0.19514827164522316,-0.389714579751581,0
-0.8050449626878013,-0.9953659684717069,-0.510878005213478,-0.8160484100560237,0
-1.5890320647100926,-0.6269521596138219,-0.5081438522396144,-1.5396554807652008,0
-0.4415904918613847,0.12928318356773494,-0.6296704010020218,-1.6847892760512606,0
-0.24659015431525785,0.4216893528934718,-0.6845560622373118,-1.7513757106465875,1
0.7302895611891167,0.3767934034395244,-0.4101325934460754,-1.2356673099010138,0
-0.45129733951884243,0.1109224400885848,-0.5355818475844437,-1.408497112140195,1
1.2090612107024639,0.054282308695303864,-0.09650622824775412,-0.6674105564191845,0
-0.3100239353577094,-0.08056693738632441,-0.17490878909712346,-0.7872570287113301,1
0.9589552482375515,0.2765593062374594,0.18575782235977512,-0.24909261819890396,0
-2.400720579720604,0.18354568941870406,-0.6296704010020218,-1.342045396487398,0
-1.7084701901713113,0.3178313648607199,-0.4888435609775631,-1.8774894418480463,1
1.1215389576717227,0.3132082975424437,-0.20387691769497612,-1.3221509572733363,1
1.9388688778266363,0.7502836640822094,0.3468038414387528,-0.5347787947428021,0
-0.09545182824829646,0.9842196835825631,0.32742835427481504,-0.5391992627277159,1
-0.07285768547562352,1.130737040661598,0.33126983887149714,-0.5347180639719588,1
0.15311503044152427,1.059937169372257,0.4119599136170595,-0.43570017040509557,0
-0.08415586060813139,0.3451771765650222,0.4119599136170595,-0.43570017040509557,1
0.9510422713052803,0.0449036030318432,0.7513317100974566,0.006354383748185618,1
0.23642645431598688,-0.07871784221400496,0.8262852180455019,0.1367241294907995,1
0.5974323645089801,0.5666607032275132,0.9768631138610272,0.40625208363798654,1
0.49169772770861564,0.7682277506270347,1.073325395788725,0.6225589121539211,0
-0.1271833011846685,0.7491236214940302,1.0621025100352883,0.5932564420644274,0
-0.7408915897403966,0.08260742689066858,0.9040122404317028,0.15049968969211022,1
2.986764999900227,0.15365366764016702,1.2886576261843248,1.1815511282540196,0
-0.19789839014051713,0.30814644339560543,1.1955278805676937,1.1083376423094882,1
0.7136412105274252,1.060095327010148,1.1049435415442341,1.330259655087535,1
0.07934382592629259,1.1172434030887726,1.1432550954411143,1.375210607595914,1
-0.05357669035402896,0.6127829368890657,1.112073195141282,1.384101675288422,0
-0.6443644663699313,-0.20460346771257473,0.9889529955082159,0.9554689080892839,1
0.2964041861339478,-0.9534853191685405,0.9455183485955903,1.0878387448182736,0
-0.08415586060813139,-1.1142437330887032,0.8383808084585035,1.087838744818275,1
0.31435149207639274,-0.9439694305831184,0.6983680884477337,1.2344545234819015,1
0.3420612213310567,-0.6864218365438126,0.7254989410519888,1.3865897211232467,1
0.5907881250507775,-0.34971762825036656,0.8672814616088568,1.6113460886101436,1
-0.02440669767771541,-0.07194685906855199,0.8614598756332901,1.6309369659717272,0
-0.28434772527414254,-0.07037820950778167,0.8056510083823358,1.4260911846725328,1
0.026331223977925266,-0.2148964313773914,-0.38080400188517444,1.469257337213268,1
0.13639682538586986,-0.751487692007493,-0.43601826343813044,1.5573480549474754,1
0.12556643116896907,-1.0585777554585678,-0.288031563049716,1.6415488177780448,0
-0.7210006826881437,-1.4640814472191268,-0.6334157416349545,0.9189733204292655,1
0.04664104767508651,-1.2875669264706577,-0.5632611960713628,0.9861634935748379,1
-0.0038468413935000365,-1.2167136043402684,-0.5200890053099891,1.029061574341184,0
-0.14429690679138013,-0.9938707347112757,-1.026954947439179,0.9556478327649024,1
-0.03398886828529544,-1.2410272498070414,-1.2345676504376826,0.9863728405191876,0
-1.5380242399026445,-1.20035147852114,-2.0326867943612026,-0.5423976832141962,1
0.24497525728633882,-1.0117255135718208,-1.570389347471182,-0.29727855801179554,0
-0.3602900709552933,-0.725602644375711,-1.7041260089200316,-0.5335456113470116,1
0.8715274375986956,-0.5382620261350622,-1.077418388500236,0.13423076736107722,1
-0.023493520153832468,-0.5395813369691406,-1.0418206131573133,0.17327775873734497,0
-0.40730385958774373,-0.4114546835760663,-1.231648764962659,-0.1308592652330456,0
-0.20603046391732496,-0.5141842271297842,-1.3028418950368563,-0.24427910650621482,1
0.8826353378086538,-0.34942163959399436,-0.739280701730355,0.4156806142687271,1
-0.024092165202539404,-0.582460302694408,-0.9385187539189451,0.4530662239622262,0
-1.004054207443225,-1.0520000118051334,-1.5855282087850018,-0.40334325115529346,1
0.9827001412687282,-1.3429848741859383,-0.8470956929019898,0.2688486960381723,0
-0.6328570967896919,-1.2900137524067825,-1.250294260663151,-0.17749016128551892,1
-0.06401729099608244,-0.971793767059981,-1.2361042901397439,-0.16459344353431632,0
-0.26539332754738637,-1.0883153536314423,-1.3638517018518543,-0.3156647653348468,1
0.3198569416410346,-1.0313060569527375,-1.0799711303949244,-0.03534554109794269,1
0.07632285353691212,-1.1993301899661695,-0.9664223844835482,0.07430098643406531,0
-0.7743204686255615,-1.1144109406297462,-1.4561125998863238,-0.5348677563936884,0
-0.27648926578499533,-1.1111925842519947,-2.2925732682408477,-0.689696757952947,1
0.42369092631188104,-0.781082744354347,-1.8725135343271606,-0.2985085008572977,1
0.02659238112964783,-0.637705039912697,-1.7801047115660489,-0.2153565085649199,0
-0.3655326828820691,-0.6275943017575073,-2.015336524622527,-0.4743188849724556,1
2.3495807699474662,-0.06608675193597136,0.3145319258327849,0.9417880061252165,1
1.2143839384426653,0.554281837589961,0.7886488571509732,1.4239037548981153,0
-0.09363864345294537,1.2918113064810537,0.7689738123588413,1.415213804299826,0
-0.42541366284841586,1.3442831262123762,0.658175116492742,1.095023583904686,0
-0.5895335831915979,0.6381507536019979,0.49505893308776105,0.6457846922052854,0
-0.3054079432979098,-0.16393140088649286,0.424271645678427,0.4568723397188241,1
-0.03587469574806883,-0.9290740454318913,0.4396595835066238,0.48259772913694576,0
-0.1999292522982778,-0.912451851044603,0.402730037092119,0.3743478700899085,0
-0.4418736535723124,-1.0353730831032035,0.2888532500052044,0.04236493205848498,0
-0.298172970701313,-1.2945045256226655,0.22114405381668323,-0.1504558700135072,0
-0.5723652955220419,-1.3693785569231671,-0.08862410155691841,-0.5681850284694807,1
1.5997429537508687,-0.8664277384919967,0.4756524573459806,0.46973649504452164,0
-0.3233759318904731,-0.2664102977526958,0.3931546781170497,0.2682238520233277,0
-1.4965835144077964,0.11081874786873216,-0.6932781942713139,-0.7391727027640519,0
-0.6554093756993067,0.16476327987158715,-0.6638087096158444,-1.0642960140179947,1
1.0575121284565494,0.37069090783543596,-0.22766777247493572,-0.4028569668045831,1
0.6818461071810843,0.5936441559854941,0.04942907616132982,-0.017712117233620577,1
0.8753631028156715,0.9100241103033259,0.43659475841134915,0.4098778986777084,1
0.12559552059068385,1.1250783901218728,0.5305676051007182,0.498805616712656,0
-0.5211278561680303,1.053040306601925,0.3432202692758201,0.1877800471000052,1
0.5762959204664394,0.8798814905446186,0.6210712737926151,0.48708858899070206,0
-0.8696474799792848,0.012056806745382303,0.30660772285986937,-0.0542817605422253,0
-1.1011299705802053,-0.28260671280641986,-0.09499591942346722,-0.651654405408438,1
-0.0353269800940859,-0.5315888211534623,-0.07605255641070682,-0.6251935703324787,1
0.8623393898860398,0.025125557393131718,0.2914542593117312,-0.13478575616903188,0
-0.3433641437022529,0.14061860537997065,0.18916070441300495,-0.29557307579110703,1
1.2852418337993468,0.4281781528648366,0.7271547321863943,0.3399224875035348,1
0.6694890443260015,0.7076450516595865,0.9472597062598896,0.6400290824754591,1
0.6690896615723155,1.0620566518182237,0.8502942997393721,0.9147953517122637,0
-0.35954517997003266,1.1339260447764092,0.6054042162868649,0.7150535434697239,0
-0.43466085695082163,1.0443591471517013,0.47753119722794113,0.46249505422154324,1
1.140792760637731,0.7252309449731384,0.8985622059501832,0.9344181474309172,0
-0.15685205051063164,0.2771034983193169,0.8715089547372312,0.8796953817213283,0
-0.08415586060813139,-0.13392574963631884,0.8715089547372312,0.8796953817213283,1
-0.07504677929791036,-0.23562155862843026,0.8569531767862464,0.8835875254693232,0
-0.593615415906281,-0.41996707707903724,0.6916206444649683,0.4435312194342122,0
-0.8643165824704894,-0.5428527182992557,0.4406697785415244,-0.15450218758343906,1
0.5671168364687279,-0.6287717325880162,0.38294575482441956,0.19190213061836375,0
-0.2865676567561064,-0.48468455449612385,0.1999796666954981,0.03924282460144954,1
0.44209799079827955,-0.5499910759331997,0.40739875008007076,0.32023781426867104,0
-0.614811075057127,-0.8172732566413906,-1.4416042440871824,-0.09039371894046998,1
-0.0010388321529225608,-1.0245627526568586,-1.7685182741228862,-0.04171575322946521,0
-0.24091640898921568,-1.1256974960475055,-1.8922483120313498,-0.16758975625760397,0
-0.29680860906085327,-1.2018779331494729,-2.059638577374236,-0.34050527552086457,1
1.0480018965837061,-0.8891605404737103,-1.1717350820428882,0.35105782830811777,1
0.06146169209227865,-0.457622012955754,-1.0552970008012588,0.4310599682369489,1
0.4514977922494601,0.1838299460635249,-0.4240707225128984,0.7163162423455534,1
1.2741625798791494,0.6207897311666315,0.5137734137991269,1.3057380872317392,0
-0.6554452103166882,0.7989810667167322,0.2569330506715109,0.7895452118027262,0
-0.5102276974789807,0.6302587302039387,0.06727244022856213,0.43347499735095624,0
-1.041014991177246,0.09226139831258169,-0.35552256222861245,-0.27170524834711623,0
-0.456976153712869,-0.09279284081073921,-0.5175294108016681,-0.5143675120500579,1
0.38259712559941406,-0.040497469166119744,-0.31601260757065996,-0.24340766779235823,0
-0.12046417952665946,0.0725421222289061,-0.33181498539781307,-0.2691964385465132,0
-0.2749358009357868,-0.156665600377358,-0.4692580494287214,-0.4101976438712829,0
-0.1661798879085529,-0.9438810826246221,-0.5055501656850808,-0.47262220156888607,1
0.5730241898282329,-1.2707175855598367,-0.3270826809774839,-0.03460861904508577,0
-0.13830075725592297,-1.5058685909008367,-0.8012776178922609,-0.08100889971318315,1
0.7843713351107843,-0.9028675487711432,-0.3251924643181409,0.45025637007978786,0
-0.11997547180509319,-0.6678016211649395,-0.345122032180577,0.4162470414948834,0
-0.09312535026390793,-0.25380935155577045,-0.3501094481298869,0.40715048382226193,1
0.0054625824436276985,-0.5719361960210577,-0.3343293888420183,0.4666482801957508,0
-0.20046328174728925,-0.9594089752817951,-0.6145340111384466,0.3339228532501708,0
-0.20070496802566506,-1.5189273807785046,-0.6967272604449671,0.19767755689443434,1
0.14940596688602453,-1.5919702003304443,-0.532345862497157,0.3830729028003588,0
-0.08415586060813139,-1.8875919495102074,-0.9392106527035017,0.3830729028003588,0
-0.43307451022760046,-2.266094999453643,-1.3370927635045151,-0.06729345150054089,0
-0.30919350741146007,-2.51594272152807,-1.6730759599700837,-0.33854756257430346,1
0.7833367532149226,-2.0013825795130225,-0.9249183080668573,0.4173689950293564,0
-0.6984535886161609,-1.3994607308484557,-1.6548126222866744,-0.2692461470499501,1
0.05082762534052577,-0.9652690735148539,-2.2278395310945682,-0.1539998359133468,1
0.44550020349291974,-0.8028163525779355,-1.6545171500935691,0.2712377157065294,0
-0.3154428051961221,-0.5888327305025728,-1.9071656316717334,0.009901533955973192,1
0.0944598599908051,-0.34929253010281264,-1.6850841588227967,0.15704249114253993,0
-0.5471536919209337,-0.8942210068313929,-2.18421378003855,-0.35993470969023705,1
0.22102370909186103,-1.3128886039868055,-1.8578530973014773,-0.09068740252678037,0
-0.18237335878247238,-1.8318930782663523,-1.9634418606693098,-0.20170194355922996,1
0.12155682552508791,-1.6833292822446633,-1.7426660539349557,-0.011781671457991636,0
-0.6723635294374363,-1.6302197820866569,-2.001088449280506,-0.6668017783498497,1
0.654157792984233,-1.3189987837083765,-1.3144640126777365,-0.011052094567283503,0
-0.2263992972401391,-1.1236241492190027,-1.4484383571539488,-0.16433775304651785,1
0.2901603927251291,-0.8334961727420664,-1.0967497905957926,0.1468436795780628,1
0.0752334304428893,-0.7191930681266067,-0.9460261141542567,0.2750363872974067,1
0.12777889120401317,-0.36087876109911843,-1.2065849583216723,0.44460299515091817,1
0.04782133972039641,-0.29090576092953396,-0.9130740183641992,0.5501348232297752,0
-0.19826992224377188,-0.29795413495950646,-1.011934881279879,0.3899036695467067,0
-0.23368661937937935,-0.6934373353452095,-1.0190112014257924,0.17863515802439975,1
0.06576264946027208,-1.2158330898009104,-0.8989993993511203,0.3233592206933429,0
-0.2600896388473547,-1.7749832960001612,-1.0402019849983635,0.062245018162956266,0
-0.12825843317754934,-1.715616724496084,-1.0754905278208378,-0.0039210404601156615,0
-0.3048833827877514,-1.4098508739875224,-1.2519702730196676,-0.33382034090425505,0
-0.3323240028864908,-1.3114395763227704,-1.4496322550073584,-0.6806337522787121,1
0.38761082138625774,-1.6699146079286382,-1.0754905278208378,-0.10389533895279798,0
-0.16361036368506193,-2.000583190582259,-2.1883306352025533,-0.2195948315031923,1
0.01309675983001865,-2.1793020222891895,-2.086471891728827,-0.10096061713926816,1
0.7102354516312746,-1.5484637486921915,-1.2858275467548101,0.7099575523631964,1
0.899717583029975,-0.5829548704062535,-0.021446250269543905,1.398180175319488,1
0.24974796763941573,0.5503171990319092,0.24054027168876024,1.584425169704189,0
-0.16077657323253808,0.8982996463986554,0.22468134451567942,1.4610821192333627,1
0.2908748340148409,0.9475715606665193,0.42759518379195405,1.674242466191268,1
0.07674391426751093,0.6283220514385308,0.5211512905994107,1.7612930836589298,1
0.718110257321592,0.3741235418045793,0.8429200452296581,2.1342486362062063,0
-0.17577594360258733,0.12539278750408847,0.7980469331677542,1.9784277011175708,0
-0.2676868668006351,0.1628144349080462,0.6952774643612137,1.664114714265951,0
-0.310137862444916,0.04491311142579221,0.6059771755140853,1.2881993185773823,1
0.07549480481973563,-0.5969454791378235,0.6489293537031157,1.3922324300696511,1
-0.05063597219959158,-1.1900222427320517,0.6178288784587519,1.41468882324555,1
0.14193003666654633,-1.7415405093878855,0.7108308021722057,1.5666610867055706,0
-0.7931684018365396,-1.6250217392741577,0.2864173212108991,0.40204933330649745,0
-0.1517176265534572,-1.472405761051668,-0.9884567670140991,0.305764679970703,1
-0.04188120609586652,-0.9738795798912603,-1.6578112685881312,0.3466331776731203,1
1.0799467439138524,-0.38070196563963926,-0.6442315317966066,1.2448243098305927,0
-1.6917148097408632,-0.1522305272907973,-1.808148957893297,-0.5525083110583314,1
0.11287897614346686,-0.059818516305009534,-1.2111749327163035,-0.39946235113122397,0
-0.10121653795077845,-0.2187564495446482,-1.2234841927502793,-0.4149972986213847,1
0.5649510393620433,0.05829492754913686,-0.7552924771273032,0.08628723001130227,1
0.11010717236001664,0.15845461908760075,-0.686477291469118,0.2255539713540674,1
0.7071272337246791,0.4853800766478004,0.0025067542195775444,0.7349480799927882,1
0.571882150768225,0.7621267951532967,0.4757121021648173,1.0884635393790298,0
-0.5522040434279953,0.9877887246205769,0.23294351895820337,0.5841762424220843,1
0.1310746376343554,0.8414276234808025,0.34728969666240894,0.7094085535830218,1
1.2849051629769397,0.8156503283731964,0.9550908738866126,1.3683789895111647,1
0.5281553133331085,0.8845199083598838,1.120172295882242,1.6030117668039015,0
-0.5385668502064052,1.0369488964661813,0.9554919295225578,1.1285913534849066,0
-1.3939093770613402,0.9608017220639209,0.4845627719272016,0.006735797433428207,0
-0.5281322773339409,0.8688422804563912,0.3285450372996037,-0.30395240922851813,1
0.6366628413306981,0.9115747270741655,0.579902693754198,0.08786122052133068,0
-0.6978822239905215,0.9299549861152615,0.25909538846351565,-0.3366738612182275,1
0.7181090003451112,1.0091459112599783,0.5321390352964552,0.08673795580381692,0
-0.8672870704936525,0.8671807042532151,-0.04413316901132292,-0.42642247452110926,1
0.9909055276891389,0.8438319456706189,0.41426379123725626,0.10677529961854454,0
-0.6362360544490752,0.689656918662881,0.17448417828095003,-0.24055380593849043,0
-1.1661718695175574,0.40816221098220873,-0.29096970287767937,-0.8389955145832333,1
0.408712065311628,0.2619816967914391,-0.08291934332330525,-0.5810298696605538,0
-1.1692095781562326,0.17698296962698531,-0.5203755899555033,-1.1188294083816404,1
0.2872498197423941,0.41442068237953594,-0.3665980530405308,-0.918021525088986,0
-0.7215859627186787,0.16784861232470105,-0.6142872658424116,-1.2182746037241818,1
0.6875981100460022,-0.005790173072994855,-0.3869164110220058,-0.7983117387817356,0
-0.5109746660153818,-0.4128623211972709,-0.7008989255932521,-1.0084520475762975,1
0.6662358424804076,-0.26157631934137093,-0.31903243093318817,-0.6083037308147812,1
0.34865997857607406,-0.027419807874452657,-0.09591818472002908,-0.38817645523949995,1
-0.07590553911344208,0.41491024024122397,-0.09163334873606949,-0.38384918188447986,1
0.8740630342215736,0.768263168731743,0.4060923122943994,0.09663305704435085,1
1.7034716076640695,1.1013499058849436,1.0975542558792737,0.8068189292794933,0
-0.12357540460639613,1.3770489368730772,1.0829718934158097,0.7793355997319944,1
0.35753676054400857,1.4748682793627097,1.179206374201895,0.941967498280716,1
0.1976360766803575,1.3942059324537248,1.2444186817456038,1.0450495318425783,0
-0.4191027012825852,0.7758654846217434,1.136012825507387,0.7762087266084832,0
-0.2330129517646044,0.11772141378066689,1.0881142088433673,0.6561593012120653,1
0.37930135811440446,-0.7105419742804961,1.2357874777426907,0.8596378437702228,0
-0.9803337189250629,-0.795604975792729,0.9256304506348495,0.1510130716663649,0
-0.35327033500761484,-0.8325211289302781,0.838669659170887,-0.04144763859423029,0
-0.1795767499955898,-0.6822156001528117,0.6613029938322729,-0.11106199988146973,0
-0.33905354261496545,-0.38306022584102234,0.40898579755624304,-0.3010746380781652,0
-0.17217419235525175,-0.26582509889380507,0.15154544470277032,-0.36792263303912415,1
0.11618146341348758,-0.08074927517827085,-0.18470505627457354,-0.23114388433213234,1
0.22726781683606004,-0.1451392303512916,-0.7173534510780423,-0.019993012589888323,0
-0.33832453465040074,-0.17473225277559343,-0.893887561950778,-0.24566408149102248,0
-0.9297869676790615,-0.4164655970507996,-1.3659750656955887,-0.9137194210091787,1
0.7983154883727026,-0.46987849785596175,-0.7134244205361542,-0.2929468471346449,1
0.7850479612289738,-0.10644095842947418,-0.14387268716656634,0.2190834484788178,1
-0.06835124203164303,0.4270384535339584,-0.1333609044524276,0.2280037279607808,1
0.2553616005826588,0.787887984530478,0.09251670235365625,0.42306697403597054,0
-0.9947406984132082,0.7235310674923197,-0.5971935022972334,-0.3339369563086053,1
0.45021103170019744,0.5754910079357021,-0.21901897010601282,-0.008707850033560146,0
-0.4555719772390054,0.267171329581255,-0.484301818419083,-0.29580139217904444,1
0.019225121464405196,0.12966473065694675,-0.41093663184797474,-0.22833333146338639,1
0.09845072463229258,-0.08049015441536679,-0.2811166016895195,-0.10555907542430248,1
0.6756195879260648,0.11799729846600862,0.27205026401154453,0.3671843479544554,1
0.5095413520615365,0.4473637237064805,0.6598955774752754,0.6906273270396471,0
-0.7259359396836121,0.8267036195125017,0.300899624096738,0.11466153462196588,0
-0.3421849339399682,0.834804089096374,0.15816675504584954,-0.0992860914541904,0
-0.24909231595059608,0.4364310075059787,0.06733674253353093,-0.23635484197176243,1
0.6562350032083302,0.24915955672882648,0.09788994693965705,0.23496303864247559,0
-0.36412136877541706,-0.016498536789779236,-0.09121737366676719,-0.010817409626064717,1
0.5253950827778227,0.1651884022833184,0.31852004638455317,0.36038566030120633,0
-0.1460181550245742,0.13891199461486176,0.30066098884214276,0.302316356407208,1
0.3261440055566492,0.23216941513617362,0.49265359276079457,0.5505385928580314,0
-0.422374980023142,-0.017468933687298155,0.2941213000487288,0.21443540564519423,1
0.33336795361415306,-0.17764387088629938,0.5439685875465085,0.477449247678246,0
-0.19928985168215252,-0.22771146349080798,0.485296870451933,0.3580768740472915,1
0.1312221024690934,-0.07492938112508069,0.19465067835036115,0.5010041124299304,0
-0.46734368000061033,-0.006752408272063695,-0.17346743054410022,0.08794528854312406,0
-0.6473411218235243,-0.18799221255216014,-0.5620808672129755,-0.45408094428569,1
0.07167098488953301,-0.28473627653166206,-0.4556034618460455,-0.3272080015195643,0
-0.9776726647567483,-0.19328808703591185,-1.0029790009873154,-1.0794119031662541,0
-0.08415586060813139,0.01372387700796381,-1.0029790009873154,-1.0794119031662541,1
0.38145305446049094,0.11977291888584822,-0.6950776386317503,-0.6640788266847851,1
-0.0684903395658417,-0.03522568171156654,-0.6846347948302834,-0.650209663388537,1
0.4949926694870861,0.09210974936303892,-0.29846210368334175,-0.1587003694021377,0
-0.3553614342059407,0.09664646774045219,-0.4811118571257973,-0.42400609460687694,1
1.2704984629670324,0.575308205060587,0.4295405415921192,0.5214284696988845,1
0.1364467157871366,0.8201560812823406,0.575400458372963,0.6492470178637989,1
0.5448193316606472,1.1373725329578743,0.8757011365149093,0.989086403887546,1
0.19323016775397403,1.1937644091487578,0.9579393095413923,1.1283833319394088,1
0.035209863510502155,1.0250480558579687,1.0093843399096285,1.1888344475565467,0
-0.12882281070365334,0.652988858012535,0.9900937355731503,1.1329277468002719,1
-0.06925139621099642,0.11715510519447903,0.9965256497835439,1.1415762994188856,1
0.1393296147269525,-1.2067277004675876,1.0866367802765158,1.274201793079713,1
0.5836951528655878,-1.1967379137128222,1.221624027092228,1.6278303064280786,1
-0.06948213036829254,-0.9907909469535264,1.1579152202922427,1.6351421238615007,1
-0.06216547286884243,0.17285131611674773,1.1410155721240662,1.6468479745310403,0
-0.25276464310363295,0.1775539911775527,0.8844171641215111,1.3665394159571653,1
0.011415343208447403,-0.20848161125098408,0.9190456809583899,1.4281120190987666,1
3.6228137136872745,0.26022709216024087,1.2804757633880168,2.6809965282083263,1
-0.028968095588491255,0.7743676362212422,1.2366986522813972,2.6915577835805062,0
-0.5734602376097039,1.570584828050163,1.0985708953330888,2.094038234422438,0
-0.08415586060813139,1.5120748419213008,0.987648389282604,2.094038234422438,1
0.5205365517080756,1.123327726808795,1.1423711766628333,2.270488348274976,1
0.20474294422067063,0.6134341357866668,1.2170649373062978,2.349431293233176,0
-0.22105543089055474,0.14176108297056117,1.1696830297424181,2.1674117415680714,1
0.11480845558346203,0.04882396644822707,1.2218419568827297,2.2306080634218444,0
-0.405499375150826,0.015687388885982072,1.0495205128667349,1.7876433412688337,0
-0.2353990430648958,-0.06490999377822376,1.0067681395282295,1.5836202719108747,1
-0.04280152923985034,-0.1866742647403424,1.0184273141714102,1.603327253728384,1
-0.0014953313625516303,-0.27525125382165366,1.041748762928034,1.6446720049247507,0
-0.5335021611503307,-0.46959422417998914,0.7844803495768982,0.9908536324549541,0
-0.48825347880279807,-0.5903334220936324,-0.7208674114246225,0.4693166053723039,1
0.0070437522643329005,-0.6260335127415193,-1.269728251727854,0.5374004954048618,1
0.7494681566580756,-0.2830315952769459,-0.5540807867002457,1.0884180777274455,0
-0.5053883504497406,-0.20216474267702966,-0.9209136122250673,0.564359453430592,1
0.020175903689595202,-0.11384216071499785,-0.8307176643580889,0.6361130725965645,1
1.0407374819770088,0.158090189567493,0.16727072944076254,1.29045782526274,0
-1.1330896040628653,0.2664629811859172,-0.7063113188479517,0.17996645161966915,1
0.4916210316768902,0.4602915611018695,-0.23548796387328289,0.5148951072945702,0
-2.2065686195324608,0.3101153348590232,-0.4995180879416711,-1.012529636384171,1
1.1280148058108852,0.6431952198064684,0.12420297495919733,-0.34483706190902325,0
-0.28669838006100834,0.8295625666617921,0.01779983381586922,-0.4642907215193856,1
1.086285683520679,1.0888293673159108,0.630522310586638,0.10934319119348472,1
1.0630548763930316,1.3082509364162602,1.08773346461025,0.5801233327579899,1
-0.003333362287495242,1.5264153667582936,1.121705548473257,0.6117546951733381,1
0.18490306193301717,1.5915986105420128,1.2164281155233634,0.7205476755282851,1
0.42470129133689655,1.5055340434236189,1.2830019221069764,0.9222986350118373,1
0.6923447868719472,1.3660254542238988,1.4363510062634222,1.2060932825631323,0
-0.21513205122341386,1.1782736506290847,1.3957508693427434,1.0953100145398622,1
1.26798500198498,1.202339779782828,1.5918041179487297,1.5465198457568747,1
0.8586689871645908,1.3619988509289038,1.6807931683245225,1.8061732558264731,1
1.3736622530582652,1.606442051787099,1.6408492405325805,2.1365970462361745,1
0.5868113359115661,1.7364872611215818,1.7590626339254716,2.2679211688213368,0
-0.5405301753627118,1.721290202023236,1.6031046609669752,1.878879297885304,0
-1.6052597378790663,1.4898173981971499,1.295878843112413,0.7688767391354955,0
-1.45107365113363,1.1319487481071377,0.9262333218399489,-0.002000221356469147,1
0.057783671953954306,0.9694360196921799,0.7252168459224759,0.051960179349337464,1
2.922608024091404,1.199859220910945,1.3995862463349202,0.9780455311588978,1
0.0019020694259716806,1.5186442140898888,1.3833760877285959,1.0007196683829427,0
-0.9127047724143202,1.6733113553928345,1.1017216405917853,0.5366410168808912,1
0.040377021578353794,1.631290996355703,1.052763873771378,0.5761690800175835,1
2.2271496378665665,1.6363140069758806,1.5963356390017407,1.2104975557766569,0
-1.4940948018339104,1.5666855656236809,1.1538594658934467,0.4676956667870065,0
-0.4270920510353379,1.4558263660913455,1.058515269186423,0.30440161898193197,1
0.11913811593902035,1.3065246220957396,1.114700435549148,0.3686094725396228,1
0.17366470950839275,1.1608079000283715,1.186205890940724,0.4529997125388251,0
-1.1292101394123484,0.9964047840277637,0.8950719188546796,-0.08654879098663966,1
0.06521828180667921,0.7404480406521576,0.9359327564376155,-0.03021062726551367,0
-2.157584371917475,0.6720999790435699,0.36728733380667844,-0.9417374019320356,0
-0.2901958713872025,0.7338623837172921,0.312806665498799,-1.0180655989869305,0
-0.13585392342076602,0.8595878929139518,0.14242274911524896,-1.0381595046488856,1
1.1317567499029462,1.0405566748325177,0.5101599663057597,-0.5082870795555217,0
-1.8261094334694654,1.0563412737248998,0.2129305685873151,-1.1941861707383514,1
0.693047127630151,1.1378669273283173,0.40949180997603657,-0.8723278733354942,1
1.6043206040167814,1.271618993045898,0.8422624993666165,-0.24993150294418076,1
-0.05285595659018155,1.4879561202508833,0.8505192253223284,-0.2388320333952531,0
-1.4296795187462321,1.5056828792438164,0.4799229586013314,-0.7907386336527212,1
1.741947559997481,1.5133152496692086,1.061627626543912,-0.15250761109597583,1
0.592871619602015,1.573098859433888,1.2842264332621105,0.06279267139452155,1
1.1068677120978918,1.7653678338885403,1.4827212595592207,0.41775278201664606,0
-1.8827608722910274,1.660992841956613,0.9800532656286834,-0.3353646325478953,0
-0.5870441345685198,1.421976734715209,0.8438801693288416,-0.5189146207863546,1
1.1371315966759004,1.2971138315308928,1.1717062571317887,-0.12822918217930837,1
0.8726666986727003,1.3869179318839016,1.364322666195667,0.15716110368029956,0
-0.5789143394903579,1.5231270754015696,1.237479068455269,-0.05095246800816303,0
-0.9909148540426527,1.4826595644362588,1.00699835458669,-0.4152633613772699,1
1.5913300848162788,1.379777422809357,1.408878249037209,0.10657987898979279,1
0.7276447766782008,1.4130517006348515,1.6223932881165026,0.338132632722896,0
-0.6613911655179318,1.450800100421142,1.310843566674885,0.0858291490382722,1
0.024035509074154825,1.464332927730509,1.3453482788177982,0.12002301369525212,1
0.6598264148558141,1.29978606951965,1.5019253548633407,0.3558768983720688,0
-0.1433949243443959,1.0539030147197659,1.4624086085453711,0.32573936890461036,1
0.3961396231086853,0.9713510207541944,1.5333372154589793,0.4863507761032049,0
-0.260580352152277,0.9054602588386641,1.477419237270798,0.38564747201347277,1
0.47032303739792414,0.9822586265097555,1.6149392522171049,0.5828636055171722,1
1.5050846962976379,1.176555645205254,1.6267583570937139,1.0773499517053928,1
0.21153260355250583,1.458745228516485,1.6622900388939688,1.161529139918305,0
-0.5820099282330395,1.664954156903121,1.5133967865251317,0.8326455341974716,1
-0.021388603575157417,1.56887852111447,1.5016042275893238,0.8537787800406963,0
-0.2437652114836181,0.8194118083065982,1.2354324096336633,0.7411211383274385,0
-0.5014412297137354,0.4413684599060724,0.948559112055199,0.44586621212577626,0
-1.2472237363282295,0.2649378357857392,0.45676687706395874,-0.28400803410761033,0
-0.5836195027940229,0.6581013034854614,0.19465309262935113,-0.5567738161671623,1
0.5500515276280084,0.8377853162308622,0.2161750355799186,-0.2474824485911546,1
1.815418920619513,1.088834191524466,1.1382577773036326,0.5190332111464557,1
0.06910336982517819,1.413884201995058,1.2096622496875513,0.5742756133378802,0
-0.16340905354309754,1.6476815043364614,1.0859635315540903,0.5218030822741492,1
1.1687269141407293,1.7040796403439333,1.4364799405061757,0.9723552376456696,1
0.3153565758288435,1.6292271895535266,1.428187981613088,1.1034179013121934,1
0.4889790264105178,1.633799237448479,1.546648808025283,1.285669764855087,0
-0.5370716832978506,1.5238926118157297,1.4010211745897942,0.9407737462701331,0
-0.4801338381508499,1.3230806672733388,1.2746983984603046,0.649820392595562,1
0.9513882645634336,1.1341276554911432,1.4404864778432354,1.0291490994063515,1
2.3966218943280726,1.2625172518509846,1.7848506004295321,1.704555273477838,0
-0.7153462977827789,1.5383498071024695,1.6438305073028805,1.2686369096564847,0
-1.107318433912204,1.6397021106842282,1.4118486379219208,0.6316941455909202,1
0.10913454487101255,1.35450437165981,1.3980648663344197,0.6945632569914785,1
0.36533264684469186,1.186486761692157,1.3045852946701224,0.842428244036541,0
-1.4074503093602226,0.9613079910629021,0.9043168480341268,0.06227472483273477,1
0.5049944022386195,0.9247640878777205,1.0784433640093782,0.2801416651258883,1
0.1858520234717496,0.8440803385507661,0.9523758432437357,0.37983746127201096,1
1.0123483322407452,1.1309859960466124,1.2040726896613387,0.760196525112564,0
-0.66967720433723,1.254145029224412,0.9421976551962776,0.4033800191774821,1
1.8609223317594201,1.538889313079433,1.4567572779665132,1.013303709309781,1
0.46747577071215984,1.6345785263591002,1.633492010327167,1.164257165812358,0
-0.855283188283795,1.6889708393295257,1.1829947082951546,0.6941709942168421,1
1.2408684946544688,1.6918952779916099,1.5153839016723796,1.0743178748873246,1
0.12329205181189802,1.5590542699321803,1.5852399132778834,1.1310177751069772,0
-0.23541479898635614,1.5422815961450893,1.5341222125263811,1.0322057651232908,1
0.5426763866778849,1.5000325169886488,1.698791465164128,1.2181480112210012,0
-1.82443263126862,1.3359713709044883,1.1292051035009723,0.16241547470824136,0
-0.7441192359772277,1.2241249286948719,0.9197034503365467,-0.16655945909854594,1
0.6512342612047132,1.097926753661735,1.1504840493154709,0.10756929827534195,0
-2.484064842041094,1.1139602950355418,0.16024264340312602,-0.9283345900961016,0
-2.921114263150954,1.1346221555620775,0.3274125258651894,-1.7548248715346653,1
3.294726728779227,1.2647567770064663,1.0151197881852927,-0.6850586829485142,0
-2.459709983709261,1.344177782667565,0.5033632976030402,-1.2866893952266785,0
-0.15096063199763757,1.4442381826640043,0.6546861056638769,-1.3018123778431523,1
2.139672780492571,1.5142966510664955,1.0699251152252387,-0.6766352794080066,1
2.1914736402588324,1.8081233935924381,1.5111808463586736,-0.12258326470784997,0
-1.3183085950688596,1.9778105793669432,1.2624530969919094,-0.4733502667439678,0
-1.4718508666782264,1.905956263137225,0.9887510169997261,-0.831789810952307,1
1.9302143943005883,1.7206087683256073,1.3765190058879153,-0.3451784948521367,1
0.283112509469096,1.6358403592427289,1.6202586603098779,-0.2582246944482251,1
0.541477876731064,1.675794906095878,1.7471036218072669,-0.10665906347006977,0
-1.5799166995741039,1.6625084026851813,1.3925317720490469,-0.5517936648989622,0
-2.3979867589232344,1.4668192624941832,0.8582261456547128,-1.130947090048377,0
-3.7189061291432335,1.2683122675413772,0.4134955781393852,-1.8190386759127763,1
1.187133501322252,1.2058390084041584,0.6337420004447049,-1.5008435980633394,0
